app,report
씨티모바일 V1.0.1.03,http://www.ijiami.cn/apply/safeDetail?appId=79623
Westpac One V4.14,http://www.ijiami.cn/apply/safeDetail?appId=79622
Bank Austral.. V2.5.1b2,http://www.ijiami.cn/apply/safeDetail?appId=79621
Deutsche Ban.. V1.3.0,http://www.ijiami.cn/apply/safeDetail?appId=79620
Fortis Bank V2.2,http://www.ijiami.cn/apply/safeDetail?appId=79619
Barclays Tan.. V2.1.0,http://www.ijiami.cn/apply/safeDetail?appId=79618
Dompetku V3.9.10,http://www.ijiami.cn/apply/safeDetail?appId=79617
OCBC Bank V3.0,http://www.ijiami.cn/apply/safeDetail?appId=79616
Nabil M-Bank V2.2,http://www.ijiami.cn/apply/safeDetail?appId=79615
Zuum V2.2.1,http://www.ijiami.cn/apply/safeDetail?appId=79614
CommBank V3.19.0,http://www.ijiami.cn/apply/safeDetail?appId=79613
신한S뱅크 V5.3.6,http://www.ijiami.cn/apply/safeDetail?appId=79611
Banking V6.1.2,http://www.ijiami.cn/apply/safeDetail?appId=79610
goMoney AU V3.3.1.0038,http://www.ijiami.cn/apply/safeDetail?appId=79609
Diamond V4.1.0.0,http://www.ijiami.cn/apply/safeDetail?appId=79608
eSewa V2.4.4,http://www.ijiami.cn/apply/safeDetail?appId=79607
Barclays Sey.. V1.2.0,http://www.ijiami.cn/apply/safeDetail?appId=79606
Mega Mobile .. V2.4,http://www.ijiami.cn/apply/safeDetail?appId=79605
Bankia V5.1.1,http://www.ijiami.cn/apply/safeDetail?appId=79604
Barclays V1.42,http://www.ijiami.cn/apply/safeDetail?appId=79603
Apex Mobile .. V1.2.2,http://www.ijiami.cn/apply/safeDetail?appId=79602
HSBC V1.5.17.0,http://www.ijiami.cn/apply/safeDetail?appId=79601
LGB V5.0.5,http://www.ijiami.cn/apply/safeDetail?appId=79600
Barclays V1.44,http://www.ijiami.cn/apply/safeDetail?appId=79599
OCBC Bank V7.0,http://www.ijiami.cn/apply/safeDetail?appId=79598
Rastriya Ban.. V1.4.4,http://www.ijiami.cn/apply/safeDetail?appId=79597
Ekata Bikas .. V1.0,http://www.ijiami.cn/apply/safeDetail?appId=79595
Discover V8.5.0,http://www.ijiami.cn/apply/safeDetail?appId=79594
Citizens Sma.. V1.4,http://www.ijiami.cn/apply/safeDetail?appId=79592
紫金农商银行 V1.2.1,http://www.ijiami.cn/apply/safeDetail?appId=79591
NC Uganda V1.8,http://www.ijiami.cn/apply/safeDetail?appId=79590
Banca di Ast.. V3.22.0,http://www.ijiami.cn/apply/safeDetail?appId=79589
GTBank V3.8.0.0,http://www.ijiami.cn/apply/safeDetail?appId=79588
Barclays Zim.. V2.2.0,http://www.ijiami.cn/apply/safeDetail?appId=79587
Bridgewater .. V5.2.1.0,http://www.ijiami.cn/apply/safeDetail?appId=79586
